First Name,Last Name,Middle Name,Gender,Occupation,Phone Number,Location (Country)
Sara,Smith,Grace,Female,Architect,+86-149-1094191,China
Sara,Smith,James,Female,Lawyer,+998-865-5720299,Uzbekistan
Chen,Gomez,Michael,Female,Accountant,+34-459-2884348,Spain
Elena,Khan,Nikolayevna,Female,Architect,+34-473-9363247,Spain
Elena,Khan,Omar,Female,Nurse,+91-596-6543391,India
Elena,Doe,Zahra,Female,Teacher,+92-607-1617203,Pakistan
Anna,Gomez,Michael,Male,Nurse,+49-581-3266985,Germany
Sara,Smith,Luis,Male,Software Engineer,+1-993-2920091,Canada
Chen,Doe,Luis,Female,Nurse,+1-150-7639873,Canada
Ali,Doe,Grace,Male,Data Scientist,+998-825-6908926,Uzbekistan
Ali,Hassan,Nikolayevna,Female,Nurse,+86-433-4756219,China
Ali,Gomez,Nikolayevna,Female,Accountant,+92-987-8976619,Pakistan
Ahmed,Ivanova,Nikolayevna,Female,Software Engineer,+1-562-2103390,USA
Maria,Nur,Ahmed,Female,Artist,+92-801-7301322,Pakistan
Sara,Smith,Zahra,Female,Doctor,+34-645-8320459,Spain
John,Doe,Omar,Female,Doctor,+49-238-7666382,Germany
Ali,Nur,Grace,Female,Artist,+49-817-2550188,Germany
Maria,Lee,Michael,Female,Accountant,+49-591-2111014,Germany
Sara,Nur,Nikolayevna,Female,Lawyer,+92-349-7697383,Pakistan
Sara,Nur,Grace,Male,Nurse,+91-804-1002747,India
Ahmed,Smith,James,Female,Architect,+92-591-2651297,Pakistan
Amina,Nur,Zahra,Male,Architect,+92-804-3228621,Pakistan
John,Nur,James,Male,Data Scientist,+7-239-8352819,Russia
Anna,Doe,Nikolayevna,Female,Accountant,+44-412-4917440,UK
Amina,Hassan,Omar,Male,Teacher,+1-430-7331155,Canada
Sara,Nur,Luis,Male,Doctor,+49-105-2352482,Germany
David,Doe,Michael,Male,Engineer,+91-913-3542933,India
Anna,Khan,Omar,Female,Architect,+92-323-9055921,Pakistan
Amina,Brown,Luis,Male,Teacher,+998-143-6315123,Uzbekistan
John,Wei,James,Male,Doctor,+1-415-3633934,USA
Sara,Lee,Nikolayevna,Female,Artist,+998-107-5009851,Uzbekistan
Chen,Khan,Grace,Male,Lawyer,+1-297-3234806,USA
Sara,Nur,Luis,Male,Nurse,+998-765-6924499,Uzbekistan
David,Nur,Zahra,Female,Data Scientist,+49-325-3848856,Germany
Chen,Khan,Zahra,Female,Software Engineer,+91-346-7337616,India
Ahmed,Khan,Omar,Male,Engineer,+92-243-6659289,Pakistan
Chen,Wei,Ahmed,Female,Teacher,+1-182-2145323,Canada
Ali,Lee,Elizabeth,Female,Software Engineer,+49-454-6826556,Germany
Anna,Khan,Grace,Male,Architect,+92-450-5384119,Pakistan
Amina,Lee,Grace,Male,Nurse,+49-700-7090590,Germany
Chen,Gomez,Grace,Female,Architect,+86-882-7585605,China
Ali,Brown,Luis,Male,Engineer,+44-357-3693879,UK
David,Brown,Ahmed,Male,Lawyer,+86-867-1516726,China
Ali,Nur,Luis,Male,Artist,+34-242-3820968,Spain
Elena,Khan,Luis,Male,Doctor,+92-535-6280869,Pakistan
Maria,Lee,Grace,Male,Data Scientist,+91-170-6272162,India
Sara,Nur,Ahmed,Female,Accountant,+86-388-5705647,China
Ahmed,Khan,Zahra,Male,Software Engineer,+86-408-6425582,China
David,Wei,Ahmed,Male,Lawyer,+49-102-1126812,Germany
Amina,Doe,Li,Female,Teacher,+7-897-5179972,Russia
Elena,Hassan,James,Male,Accountant,+91-640-2961317,India
Chen,Ivanova,Li,Female,Software Engineer,+92-209-2614680,Pakistan
Anna,Doe,Nikolayevna,Female,Architect,+92-419-8869942,Pakistan
Elena,Smith,Luis,Male,Doctor,+34-557-5385510,Spain
Ahmed,Doe,Nikolayevna,Male,Lawyer,+1-178-8867854,Canada
Elena,Ivanova,Luis,Female,Doctor,+86-410-4514409,China
Ahmed,Khan,Luis,Female,Software Engineer,+1-452-2621088,Canada
Ahmed,Doe,Michael,Female,Lawyer,+92-723-9920498,Pakistan
Anna,Doe,James,Male,Software Engineer,+998-650-6801777,Uzbekistan
Ali,Brown,Zahra,Male,Teacher,+86-705-8919867,China
John,Gomez,Elizabeth,Male,Architect,+1-608-8505385,Canada
John,Brown,Elizabeth,Male,Architect,+92-965-1024240,Pakistan
Anna,Smith,Grace,Female,Architect,+34-152-6763674,Spain
Amina,Wei,Luis,Male,Software Engineer,+1-603-7763058,USA
Anna,Nur,Michael,Male,Doctor,+91-814-9475589,India
Sara,Khan,Zahra,Female,Data Scientist,+1-813-5972010,USA
Chen,Smith,Li,Male,Lawyer,+44-673-9182405,UK
John,Nur,Grace,Female,Architect,+1-808-5331303,Canada
Sara,Wei,Nikolayevna,Female,Engineer,+49-794-1477885,Germany
Anna,Wei,Grace,Male,Artist,+92-798-3103576,Pakistan
Sara,Brown,Omar,Male,Teacher,+1-254-6921261,USA
Elena,Gomez,Nikolayevna,Male,Architect,+49-200-6905673,Germany
Ali,Nur,Elizabeth,Female,Artist,+7-969-2005886,Russia
Maria,Smith,Grace,Male,Nurse,+91-985-2323205,India
John,Khan,Li,Female,Nurse,+7-277-4848784,Russia
Sara,Lee,Li,Female,Nurse,+998-703-7261267,Uzbekistan
Ahmed,Nur,Elizabeth,Female,Lawyer,+7-360-9524307,Russia
Maria,Wei,Li,Male,Nurse,+34-523-9831202,Spain
Elena,Lee,Michael,Female,Data Scientist,+92-687-5915073,Pakistan
Maria,Smith,Li,Female,Nurse,+1-225-4862427,USA
Sara,Gomez,Grace,Male,Doctor,+86-893-8617488,China
Elena,Gomez,Li,Male,Engineer,+1-968-4203196,Canada
Amina,Brown,James,Male,Data Scientist,+34-551-3201679,Spain
Ali,Khan,Elizabeth,Male,Nurse,+92-226-4242508,Pakistan
Sara,Gomez,Li,Female,Lawyer,+91-470-5152386,India
Maria,Doe,Luis,Male,Software Engineer,+86-711-3689789,China
John,Lee,Luis,Female,Data Scientist,+92-120-6506019,Pakistan
Sara,Ivanova,James,Female,Engineer,+49-891-7685832,Germany
Amina,Nur,Zahra,Male,Software Engineer,+998-567-7721194,Uzbekistan
Maria,Khan,Zahra,Male,Data Scientist,+1-753-5332146,Canada
David,Gomez,Elizabeth,Male,Nurse,+998-443-3690203,Uzbekistan
Anna,Doe,Ahmed,Female,Lawyer,+91-469-2699361,India
Elena,Ivanova,Li,Male,Lawyer,+86-975-1012381,China
Amina,Hassan,James,Male,Lawyer,+44-907-3016750,UK
David,Smith,Elizabeth,Male,Engineer,+92-306-4538311,Pakistan
Anna,Hassan,Grace,Female,Doctor,+1-410-8584467,Canada
David,Smith,Grace,Female,Nurse,+44-403-1500589,UK
Amina,Ivanova,Li,Female,Artist,+1-744-9116449,Canada
Elena,Nur,Ahmed,Male,Software Engineer,+7-683-6044105,Russia
Elena,Hassan,Luis,Male,Doctor,+92-947-3242431,Pakistan
